{
    "Mean FD (mm)": 0.03725898749999999,
    "Max FD (mm)": 0.132606,
    "% Volumes FD > 0.5mm": 0.0
}